{
  "wave": [
    {
      "name": "FlameThrower",
      "armor": false,
      "cost": 9,
      "level": 5,
      "weight": 1,
      "delay": 0.2
    },
    {
      "name": "RocketLauncher",
      "armor": true,
      "cost": 16,
      "level": 12,
      "weight": 1,
      "delay": 0.8
    },
    {
      "name": "FlameThrower",
      "armor": false,
      "cost": 9,
      "level": 5,
      "weight": 1,
      "delay": 0.2
    },
    {
      "name": "Humvee",
      "armor": false,
      "cost": 13,
      "level": 13,
      "weight": 1,
      "delay": 0.2
    },
    {
      "name": "Rifle",
      "armor": false,
      "cost": 4,
      "level": 1,
      "weight": 1,
      "delay": 0.1
    },
    {
      "name": "RocketLauncher",
      "armor": false,
      "cost": 11,
      "level": 9,
      "weight": 1,
      "delay": 0.1
    },
    {
      "name": "FlameThrower",
      "armor": true,
      "cost": 13,
      "level": 8,
      "weight": 1,
      "delay": 0.5
    },
    {
      "name": "FlameThrower",
      "armor": true,
      "cost": 13,
      "level": 8,
      "weight": 1,
      "delay": 0.5
    }
  ]
}