{
  "wave": [
    {
      "name": "FlameThrower",
      "armor": true,
      "cost": 13,
      "level": 8,
      "weight": 1,
      "delay": 0.7
    },
    {
      "name": "Rifle",
      "armor": true,
      "cost": 6,
      "level": 3,
      "weight": 1,
      "delay": 0.2
    },
    {
      "name": "Humvee",
      "armor": false,
      "cost": 13,
      "level": 13,
      "weight": 1,
      "delay": 0.2
    },
    {
      "name": "Tank",
      "armor": false,
      "cost": 50,
      "level": 16,
      "weight": 1,
      "delay": 0.1
    },
    {
      "name": "RocketLauncher",
      "armor": false,
      "cost": 11,
      "level": 9,
      "weight": 1,
      "delay": 0.3
    },
    {
      "name": "Sniper",
      "armor": false,
      "cost": 7,
      "level": 4,
      "weight": 1,
      "delay": 0.5
    },
    {
      "name": "RocketLauncher",
      "armor": true,
      "cost": 16,
      "level": 12,
      "weight": 3,
      "delay": 0.2
    },
    {
      "name": "RocketLauncher",
      "armor": true,
      "cost": 16,
      "level": 12,
      "weight": 3,
      "delay": 0.2
    },
    {
      "name": "Humvee",
      "armor": false,
      "cost": 13,
      "level": 13,
      "weight": 1,
      "delay": 0.2
    },
    {
      "name": "FlameThrower",
      "armor": false,
      "cost": 9,
      "level": 5,
      "weight": 1,
      "delay": 0.5
    },
    {
      "name": "FlameThrower",
      "armor": false,
      "cost": 9,
      "level": 5,
      "weight": 1,
      "delay": 0.5
    },
    {
      "name": "Sniper",
      "armor": true,
      "cost": 10,
      "level": 7,
      "weight": 1,
      "delay": 0.4
    },
    {
      "name": "Tank",
      "armor": true,
      "cost": 75,
      "level": 20,
      "weight": 3,
      "delay": 0.2
    },
    {
      "name": "MachineGun",
      "armor": false,
      "cost": 4,
      "level": 1,
      "weight": 1,
      "delay": 0.5
    },
    {
      "name": "Sniper",
      "armor": false,
      "cost": 7,
      "level": 4,
      "weight": 1,
      "delay": 0.5
    }
  ]
}