{
  "wave": [
    {
      "name": "Rifle",
      "armor": false,
      "cost": 4,
      "level": 1,
      "weight": 1,
      "delay": 0.1
    },
    {
      "name": "RocketLauncher",
      "armor": true,
      "cost": 16,
      "level": 12,
      "weight": 1,
      "delay": 0.7
    },
    {
      "name": "Rifle",
      "armor": false,
      "cost": 4,
      "level": 1,
      "weight": 1,
      "delay": 0.1
    },
    {
      "name": "MachineGun",
      "armor": false,
      "cost": 4,
      "level": 1,
      "weight": 1,
      "delay": 0.1
    },
    {
      "name": "Rifle",
      "armor": false,
      "cost": 4,
      "level": 1,
      "weight": 1,
      "delay": 0.1
    },
    {
      "name": "Rifle",
      "armor": true,
      "cost": 6,
      "level": 3,
      "weight": 1,
      "delay": 0.5
    },
    {
      "name": "RocketLauncher",
      "armor": false,
      "cost": 11,
      "level": 9,
      "weight": 1,
      "delay": 0.9
    },
    {
      "name": "RocketLauncher",
      "armor": true,
      "cost": 16,
      "level": 12,
      "weight": 1,
      "delay": 0.7
    },
    {
      "name": "Rifle",
      "armor": false,
      "cost": 4,
      "level": 1,
      "weight": 1,
      "delay": 0.1
    }
  ]
}