{
  "wave": [
    {
      "name": "FlameThrower",
      "armor": false,
      "cost": 9,
      "level": 5,
      "weight": 1,
      "delay": 0.4
    },
    {
      "name": "Rifle",
      "armor": false,
      "cost": 4,
      "level": 1,
      "weight": 1,
      "delay": 0.5
    },
    {
      "name": "Rifle",
      "armor": false,
      "cost": 4,
      "level": 1,
      "weight": 1,
      "delay": 0.5
    },
    {
      "name": "Sniper",
      "armor": true,
      "cost": 10,
      "level": 7,
      "weight": 1,
      "delay": 0.2
    },
    {
      "name": "RocketLauncher",
      "armor": true,
      "cost": 16,
      "level": 12,
      "weight": 1,
      "delay": 0.3
    },
    {
      "name": "Rifle",
      "armor": false,
      "cost": 4,
      "level": 1,
      "weight": 1,
      "delay": 0.5
    },
    {
      "name": "RocketLauncher",
      "armor": true,
      "cost": 16,
      "level": 12,
      "weight": 1,
      "delay": 0.3
    }
  ]
}