{
  "wave": [
    {
      "name": "Rifle",
      "armor": true,
      "cost": 6,
      "level": 3,
      "weight": 1,
      "delay": 0.9
    },
    {
      "name": "Tank",
      "armor": false,
      "cost": 50,
      "level": 16,
      "weight": 1,
      "delay": 0.1
    },
    {
      "name": "Sniper",
      "armor": false,
      "cost": 7,
      "level": 4,
      "weight": 1,
      "delay": 0.7
    },
    {
      "name": "FlameThrower",
      "armor": false,
      "cost": 9,
      "level": 5,
      "weight": 1,
      "delay": 0.5
    },
    {
      "name": "Humvee",
      "armor": true,
      "cost": 19,
      "level": 16,
      "weight": 1,
      "delay": 0.2
    }
  ]
}