{
  "wave": [
    {
      "name": "MachineGun",
      "armor": false,
      "cost": 4,
      "level": 1,
      "weight": 1,
      "delay": 0.4
    },
    {
      "name": "Humvee",
      "armor": true,
      "cost": 19,
      "level": 16,
      "weight": 3,
      "delay": 0.6
    },
    {
      "name": "Humvee",
      "armor": false,
      "cost": 13,
      "level": 13,
      "weight": 1,
      "delay": 0.4
    },
    {
      "name": "Tank",
      "armor": true,
      "cost": 75,
      "level": 20,
      "weight": 3,
      "delay": 0.7
    },
    {
      "name": "MachineGun",
      "armor": false,
      "cost": 4,
      "level": 1,
      "weight": 1,
      "delay": 0.4
    },
    {
      "name": "Tank",
      "armor": false,
      "cost": 50,
      "level": 16,
      "weight": 1,
      "delay": 0.1
    },
    {
      "name": "MachineGun",
      "armor": false,
      "cost": 4,
      "level": 1,
      "weight": 1,
      "delay": 0.4
    },
    {
      "name": "Rifle",
      "armor": true,
      "cost": 6,
      "level": 3,
      "weight": 1,
      "delay": 0.3
    },
    {
      "name": "MachineGun",
      "armor": false,
      "cost": 4,
      "level": 1,
      "weight": 1,
      "delay": 0.4
    },
    {
      "name": "MachineGun",
      "armor": true,
      "cost": 6,
      "level": 3,
      "weight": 1,
      "delay": 0.6
    }
  ]
}