{
  "wave": [
    {
      "name": "RocketLauncher",
      "armor": true,
      "cost": 16,
      "level": 12,
      "weight": 4,
      "delay": 0.1
    },
    {
      "name": "Rifle",
      "armor": false,
      "cost": 4,
      "level": 1,
      "weight": 1,
      "delay": 0.4
    },
    {
      "name": "RocketLauncher",
      "armor": true,
      "cost": 16,
      "level": 12,
      "weight": 4,
      "delay": 0.1
    },
    {
      "name": "RocketLauncher",
      "armor": true,
      "cost": 16,
      "level": 12,
      "weight": 4,
      "delay": 0.1
    },
    {
      "name": "RocketLauncher",
      "armor": true,
      "cost": 16,
      "level": 12,
      "weight": 4,
      "delay": 0.1
    },
    {
      "name": "Sniper",
      "armor": true,
      "cost": 10,
      "level": 7,
      "weight": 1,
      "delay": 0.4
    },
    {
      "name": "Sniper",
      "armor": true,
      "cost": 10,
      "level": 7,
      "weight": 1,
      "delay": 0.4
    },
    {
      "name": "Tank",
      "armor": true,
      "cost": 75,
      "level": 20,
      "weight": 4,
      "delay": 0.4
    },
    {
      "name": "Tank",
      "armor": true,
      "cost": 75,
      "level": 20,
      "weight": 4,
      "delay": 0.4
    },
    {
      "name": "RocketLauncher",
      "armor": true,
      "cost": 16,
      "level": 12,
      "weight": 4,
      "delay": 0.1
    },
    {
      "name": "RocketLauncher",
      "armor": true,
      "cost": 16,
      "level": 12,
      "weight": 4,
      "delay": 0.1
    }
  ]
}