{
  "wave": [
    {
      "name": "Tank",
      "armor": true,
      "cost": 75,
      "level": 20,
      "weight": 3,
      "delay": 0.4
    },
    {
      "name": "MachineGun",
      "armor": true,
      "cost": 6,
      "level": 3,
      "weight": 1,
      "delay": 0.1
    },
    {
      "name": "Humvee",
      "armor": true,
      "cost": 19,
      "level": 16,
      "weight": 3,
      "delay": 0.3
    },
    {
      "name": "Tank",
      "armor": true,
      "cost": 75,
      "level": 20,
      "weight": 3,
      "delay": 0.4
    },
    {
      "name": "RocketLauncher",
      "armor": true,
      "cost": 16,
      "level": 12,
      "weight": 3,
      "delay": 0.7
    }
  ]
}