{
  "wave": [
    {
      "name": "Rifle",
      "armor": false,
      "cost": 4,
      "level": 1,
      "weight": 1,
      "delay": 0.5
    },
    {
      "name": "Rifle",
      "armor": true,
      "cost": 6,
      "level": 3,
      "weight": 1,
      "delay": 0.9
    },
    {
      "name": "MachineGun",
      "armor": false,
      "cost": 4,
      "level": 1,
      "weight": 1,
      "delay": 0.8
    },
    {
      "name": "Rifle",
      "armor": false,
      "cost": 4,
      "level": 1,
      "weight": 1,
      "delay": 0.5
    },
    {
      "name": "MachineGun",
      "armor": false,
      "cost": 4,
      "level": 1,
      "weight": 1,
      "delay": 0.8
    },
    {
      "name": "MachineGun",
      "armor": true,
      "cost": 6,
      "level": 3,
      "weight": 1,
      "delay": 0.6
    }
  ]
}