{
  "wave": [
    {
      "name": "FlameThrower",
      "armor": false,
      "cost": 9,
      "level": 5,
      "weight": 1,
      "delay": 0.2
    },
    {
      "name": "RocketLauncher",
      "armor": false,
      "cost": 11,
      "level": 9,
      "weight": 1,
      "delay": 0.4
    },
    {
      "name": "Tank",
      "armor": false,
      "cost": 50,
      "level": 16,
      "weight": 1,
      "delay": 0.5
    },
    {
      "name": "Sniper",
      "armor": false,
      "cost": 7,
      "level": 4,
      "weight": 1,
      "delay": 0.6
    },
    {
      "name": "FlameThrower",
      "armor": true,
      "cost": 13,
      "level": 8,
      "weight": 1,
      "delay": 0.3
    },
    {
      "name": "RocketLauncher",
      "armor": false,
      "cost": 11,
      "level": 9,
      "weight": 1,
      "delay": 0.4
    },
    {
      "name": "Humvee",
      "armor": false,
      "cost": 13,
      "level": 13,
      "weight": 1,
      "delay": 0.8
    }
  ]
}