{
  "wave": [
    {
      "name": "Sniper",
      "armor": false,
      "cost": 7,
      "level": 4,
      "weight": 1,
      "delay": 0.2
    },
    {
      "name": "FlameThrower",
      "armor": false,
      "cost": 9,
      "level": 5,
      "weight": 1,
      "delay": 0.5
    },
    {
      "name": "Tank",
      "armor": false,
      "cost": 50,
      "level": 16,
      "weight": 1,
      "delay": 0.3
    },
    {
      "name": "Rifle",
      "armor": true,
      "cost": 6,
      "level": 3,
      "weight": 1,
      "delay": 0.4
    },
    {
      "name": "RocketLauncher",
      "armor": true,
      "cost": 16,
      "level": 12,
      "weight": 1,
      "delay": 0.9
    },
    {
      "name": "Rifle",
      "armor": true,
      "cost": 6,
      "level": 3,
      "weight": 1,
      "delay": 0.4
    },
    {
      "name": "MachineGun",
      "armor": true,
      "cost": 6,
      "level": 3,
      "weight": 1,
      "delay": 0.6
    },
    {
      "name": "FlameThrower",
      "armor": false,
      "cost": 9,
      "level": 5,
      "weight": 1,
      "delay": 0.5
    }
  ]
}