{
  "wave": [
    {
      "name": "Humvee",
      "armor": true,
      "cost": 19,
      "level": 16,
      "weight": 2,
      "delay": 0.1
    },
    {
      "name": "Tank",
      "armor": true,
      "cost": 75,
      "level": 20,
      "weight": 2,
      "delay": 0.1
    },
    {
      "name": "Humvee",
      "armor": true,
      "cost": 19,
      "level": 16,
      "weight": 2,
      "delay": 0.1
    },
    {
      "name": "Tank",
      "armor": true,
      "cost": 75,
      "level": 20,
      "weight": 2,
      "delay": 0.1
    }
  ]
}