{
  "wave": [
    {
      "name": "Sniper",
      "armor": true,
      "cost": 10,
      "level": 7,
      "weight": 1,
      "delay": 0.1
    },
    {
      "name": "MachineGun",
      "armor": true,
      "cost": 6,
      "level": 3,
      "weight": 1,
      "delay": 0.1
    },
    {
      "name": "MachineGun",
      "armor": true,
      "cost": 6,
      "level": 3,
      "weight": 1,
      "delay": 0.1
    },
    {
      "name": "Rifle",
      "armor": true,
      "cost": 6,
      "level": 3,
      "weight": 1,
      "delay": 0.2
    },
    {
      "name": "Sniper",
      "armor": false,
      "cost": 7,
      "level": 4,
      "weight": 1,
      "delay": 0.6
    },
    {
      "name": "FlameThrower",
      "armor": false,
      "cost": 9,
      "level": 5,
      "weight": 1,
      "delay": 0.5
    }
  ]
}