{
  "wave": [
    {
      "name": "MachineGun",
      "armor": true,
      "cost": 6,
      "level": 3,
      "weight": 1,
      "delay": 0.5
    },
    {
      "name": "Tank",
      "armor": false,
      "cost": 50,
      "level": 16,
      "weight": 1,
      "delay": 0.8
    },
    {
      "name": "Tank",
      "armor": true,
      "cost": 75,
      "level": 20,
      "weight": 1,
      "delay": 0.5
    },
    {
      "name": "MachineGun",
      "armor": false,
      "cost": 4,
      "level": 1,
      "weight": 1,
      "delay": 0.2
    }
  ]
}