{
  "wave": [
    {
      "name": "RocketLauncher",
      "armor": false,
      "cost": 11,
      "level": 9,
      "weight": 1,
      "delay": 0.2
    },
    {
      "name": "FlameThrower",
      "armor": true,
      "cost": 13,
      "level": 8,
      "weight": 1,
      "delay": 0.1
    },
    {
      "name": "Sniper",
      "armor": true,
      "cost": 10,
      "level": 7,
      "weight": 1,
      "delay": 0.4
    },
    {
      "name": "Sniper",
      "armor": true,
      "cost": 10,
      "level": 7,
      "weight": 1,
      "delay": 0.4
    },
    {
      "name": "Rifle",
      "armor": false,
      "cost": 4,
      "level": 1,
      "weight": 1,
      "delay": 0.3
    },
    {
      "name": "Rifle",
      "armor": false,
      "cost": 4,
      "level": 1,
      "weight": 1,
      "delay": 0.3
    },
    {
      "name": "RocketLauncher",
      "armor": false,
      "cost": 11,
      "level": 9,
      "weight": 1,
      "delay": 0.2
    },
    {
      "name": "FlameThrower",
      "armor": true,
      "cost": 13,
      "level": 8,
      "weight": 1,
      "delay": 0.1
    },
    {
      "name": "MachineGun",
      "armor": false,
      "cost": 4,
      "level": 1,
      "weight": 1,
      "delay": 0.7
    }
  ]
}