{
  "wave": [
    {
      "name": "Rifle",
      "armor": true,
      "cost": 6,
      "level": 3,
      "weight": 1,
      "delay": 0.7
    },
    {
      "name": "MachineGun",
      "armor": false,
      "cost": 4,
      "level": 1,
      "weight": 1,
      "delay": 0.2
    },
    {
      "name": "MachineGun",
      "armor": false,
      "cost": 4,
      "level": 1,
      "weight": 1,
      "delay": 0.2
    },
    {
      "name": "MachineGun",
      "armor": false,
      "cost": 4,
      "level": 1,
      "weight": 1,
      "delay": 0.2
    }
  ]
}